,city,date,latitude,Longitutude,maximum Temperature,Humidity,Cloudiness,Wind Speed,Country,Date
0,Cascais,1605902846,38.7,-9.42,292.59,55,0,3.1,PT,1605902846
1,Bluff,1605902846,-46.6,168.33,290.93,59,59,7.15,NZ,1605902846
2,Majene,1605902997,-3.54,118.97,298.78,83,100,1.55,ID,1605902997
3,Bathsheba,1605902998,13.22,-59.52,300.15,83,75,5.1,BB,1605902998
4,Barrow,1605902999,71.29,-156.79,259.15,77,20,6.7,US,1605902999
5,Albany,1605902766,42.6,-73.97,287.59,39,10,0.89,US,1605902766
6,Mataura,1605903001,-46.19,168.86,290.93,59,44,7.15,NZ,1605903001
7,Hermanus,1605903008,-34.42,19.23,291.48,72,0,1.79,ZA,1605903008
8,Saint-Philippe,1605903009,-21.36,55.77,296.15,64,90,2.6,RE,1605903009
9,Nísia Floresta,1605902894,-6.09,-35.21,302.15,74,75,5.7,BR,1605902894
10,Provideniya,1605903011,64.38,-173.3,272.3,98,100,13.09,RU,1605903011
11,Henties Bay,1605903012,-22.12,14.28,289.26,86,29,1.64,NA,1605903012
12,Bredasdorp,1605903013,-34.53,20.04,290.15,82,0,5.1,ZA,1605903013
13,Poso,1605903015,-1.4,120.75,299.82,74,61,1.78,ID,1605903015
14,Kaitangata,1605903016,-46.28,169.85,287.58,64,50,3.61,NZ,1605903016
15,Makakilo City,1605903009,21.35,-158.09,300.15,74,90,3.1,US,1605903009
16,Gambēla,1605903018,8.25,34.58,299.61,53,0,1.53,ET,1605903018
17,Mae Sot,1605903019,16.72,98.57,294.88,84,100,0.55,TH,1605903019
18,Leningradskiy,1605903020,69.38,178.42,266.11,96,90,2.16,RU,1605903020
19,Rikitea,1605903021,-23.12,-134.97,295.57,69,19,4.26,PF,1605903021
20,Busselton,1605903023,-33.65,115.33,282.59,96,92,2.61,AU,1605903023
21,Hithadhoo,1605903024,-0.6,73.08,300.73,73,73,2.42,MV,1605903024
22,Tatarsk,1605903025,55.22,75.98,265.28,95,94,7.23,RU,1605903025
23,Ushuaia,1605902862,-54.8,-68.3,285.15,71,75,6.2,AR,1605902862
24,Grand Gaube,1605903027,-20.01,57.66,295.37,78,39,0.89,MU,1605903027
25,Saldanha,1605903028,-33.01,17.94,296.15,33,0,4.1,ZA,1605903028
26,Baruun-Urt,1605903030,46.68,113.28,257.74,86,5,3.0,MN,1605903030
27,Nantucket,1605902925,41.28,-70.1,289.15,72,1,9.3,US,1605902925
28,George Town,1605902938,5.41,100.34,300.15,88,40,2.1,MY,1605902938
29,Kapaa,1605902916,22.08,-159.32,300.15,69,75,5.7,US,1605902916
30,Hobart,1605902988,-42.88,147.33,283.15,87,40,3.1,AU,1605902988
31,Korla,1605902772,41.76,86.15,267.07,75,23,1.25,CN,1605902772
32,Bairiki Village,1605902858,1.33,172.98,301.15,74,75,4.6,KI,1605902858
33,Castro,1605903017,-24.79,-50.01,294.23,59,44,1.76,BR,1605903017
34,Minbu,1605903039,20.18,94.88,292.98,80,4,1.2,MM,1605903039
35,Cape Town,1605902394,-33.93,18.42,293.71,72,0,3.1,ZA,1605902394
36,Lompoc,1605902883,34.64,-120.46,294.15,35,1,2.58,US,1605902883
37,Norman Wells,1605903042,65.28,-126.83,246.15,75,75,2.1,CA,1605903042
38,Itacurubí del Rosario,1605903043,-24.5,-56.68,305.37,23,5,1.83,PY,1605903043
39,Mitsamiouli,1605903045,-11.38,43.28,299.84,76,7,3.12,KM,1605903045
40,Antofagasta,1605903046,-23.65,-70.4,291.15,63,20,7.2,CL,1605903046
41,Kangaatsiaq,1605903047,68.31,-53.46,273.33,95,97,6.51,GL,1605903047
42,Vaini,1605903048,-21.2,-175.2,298.15,83,75,3.6,TO,1605903048
43,Tual,1605902947,-5.67,132.75,301.5,76,95,2.28,ID,1605902947
44,Jiuquan,1605903050,39.74,98.52,262.47,94,100,3.52,CN,1605903050
45,Yellowknife,1605903052,62.46,-114.35,258.15,84,75,1.5,CA,1605903052
46,Butaritari,1605903053,3.07,172.79,300.61,82,60,8.07,KI,1605903053
47,Kaduqli,1605903054,11.02,29.72,298.97,25,0,3.86,SD,1605903054
48,Ixtapa,1605902959,20.7,-105.2,304.15,43,5,5.1,MX,1605902959
49,Acapulco de Juárez,1605903014,16.86,-99.89,305.15,59,20,2.1,MX,1605903014
50,Port Macquarie,1605903057,-31.43,152.92,293.15,93,22,2.1,AU,1605903057
51,Hong Kong,1605902273,22.29,114.16,297.59,91,42,6.7,HK,1605902273
52,Alugan,1605903060,12.22,125.48,300.04,84,77,3.6,PH,1605903060
53,Touros,1605903061,-5.2,-35.46,302.15,70,40,7.2,BR,1605903061
54,Port Alfred,1605903062,-33.59,26.89,291.73,77,1,10.48,ZA,1605903062
55,Cherskiy,1605903063,68.75,161.3,260.89,96,100,3.92,RU,1605903063
56,Husavik,1605903064,66.04,-17.34,273.15,93,90,4.1,IS,1605903064
57,Khuzhir,1605903066,53.19,107.34,265.57,85,99,5.42,RU,1605903066
58,Vostok,1605903067,46.49,135.88,261.57,98,75,0.97,RU,1605903067
59,Grindavik,1605903068,63.84,-22.43,276.15,77,75,7.7,IS,1605903068
60,Mosquera,1605903069,4.71,-74.23,293.15,45,75,2.6,CO,1605903069
61,Qasigiannguit,1605903070,68.82,-51.19,270.15,92,75,3.1,GL,1605903070
62,Inírida,1605903072,3.87,-67.92,304.04,65,85,1.47,CO,1605903072
63,Terråk,1605903073,65.09,12.37,275.15,89,75,5.7,NO,1605903073
64,Staryy Nadym,1605903074,65.61,72.68,273.37,94,100,10.09,RU,1605903074
65,Opole Voivodeship,1605903075,50.5,18.0,274.82,92,0,2.68,PL,1605903075
66,Namatanai,1605903076,-3.67,152.43,299.05,86,98,4.23,PG,1605903076
67,Jamestown,1605903077,42.1,-79.24,286.48,43,90,7.2,US,1605903077
68,Udachny,1605903079,66.42,112.4,259.15,84,0,2.0,RU,1605903079
69,Guadalupe y Calvo,1605903080,26.1,-106.97,297.79,21,0,0.63,MX,1605903080
70,Kununurra,1605903081,-15.77,128.73,298.15,100,44,0.51,AU,1605903081
71,Vestmannaeyjar,1605903082,63.44,-20.27,276.55,88,100,12.96,IS,1605903082
72,Maniitsoq,1605903083,65.42,-52.9,269.97,97,100,5.96,GL,1605903083
73,Puerto Ayora,1605903084,-0.74,-90.35,299.15,69,75,6.2,EC,1605903084
74,Nelson Bay,1605902911,-32.72,152.15,292.59,82,90,7.7,AU,1605902911
75,Zaraza,1605903087,9.35,-65.32,301.61,82,20,1.3,VE,1605903087
76,Quatre Cocos,1605903088,-20.21,57.76,295.37,94,20,3.1,MU,1605903088
77,Hauterive,1605903089,46.09,3.45,277.15,69,0,1.0,FR,1605903089
78,Palana,1605903090,59.12,159.97,262.94,98,100,2.1,RU,1605903090
79,Necochea,1605903091,-38.55,-58.74,297.24,37,100,5.87,AR,1605903091
80,Ucluelet,1605903092,48.93,-125.55,283.15,100,90,4.1,CA,1605903092
81,Duminichi,1605903094,53.93,35.11,271.97,99,100,2.58,RU,1605903094
82,Iqaluit,1605903095,63.75,-68.51,259.15,77,75,1.5,CA,1605903095
83,Katsuura,1605903096,35.13,140.3,291.15,59,75,4.1,JP,1605903096
84,Kokoda,1605903097,-8.88,147.74,296.44,67,91,0.49,PG,1605903097
85,Longyearbyen,1605903098,78.22,15.64,262.15,78,75,1.5,SJ,1605903098
86,Ostrovnoy,1605903100,68.05,39.51,274.98,86,100,10.38,RU,1605903100
87,Santander,1605902834,43.46,-3.8,284.82,87,0,3.1,ES,1605902834
88,Tasiilaq,1605903102,65.61,-37.64,272.15,54,75,5.1,GL,1605903102
89,Punta Arenas,1605903103,-53.15,-70.92,288.15,47,0,7.2,CL,1605903103
90,Esperance,1605903104,-33.87,121.9,288.15,100,90,7.2,AU,1605903104
91,Bubaque,1605903105,11.28,-15.83,301.47,69,63,5.23,GW,1605903105
92,Mawlaik,1605903107,23.63,94.42,290.68,85,0,0.52,MM,1605903107
93,Severo-Kuril'sk,1605903108,50.68,156.12,272.81,93,72,5.86,RU,1605903108
94,Fairbanks,1605902975,64.84,-147.72,255.37,75,20,1.0,US,1605902975
95,Zhigalovo,1605903110,54.81,105.16,263.24,94,100,1.98,RU,1605903110
96,Saskylakh,1605903111,71.92,114.08,259.83,92,100,5.46,RU,1605903111
97,Khovd,1605903112,48.01,91.64,261.29,69,0,0.11,MN,1605903112
98,Kahului,1605902907,20.89,-156.47,300.15,74,40,9.3,US,1605902907
99,Beringovskiy,1605903115,63.05,179.32,269.52,97,100,5.15,RU,1605903115
100,Tuktoyaktuk,1605903116,69.45,-133.04,262.15,92,90,3.6,CA,1605903116
101,Avarua,1605903117,-21.21,-159.78,300.15,78,48,4.6,CK,1605903117
102,Novy Urengoy,1605903118,66.08,76.63,271.98,96,86,9.43,RU,1605903118
103,Zapolyarnyy,1605903119,69.42,30.81,271.15,86,0,8.7,RU,1605903119
104,Atuona,1605903121,-9.8,-139.03,298.33,78,5,7.02,PF,1605903121
105,Oistins,1605902997,13.07,-59.53,300.15,83,75,5.1,BB,1605902997
106,Evensk,1605903123,61.95,159.23,254.42,84,15,4.47,RU,1605903123
107,Victor Harbor,1605903124,-35.57,138.62,289.26,90,97,3.59,AU,1605903124
108,Paján,1605903125,-1.57,-80.42,304.91,38,80,3.26,EC,1605903125
109,Moyale,1605903126,3.52,39.06,294.2,66,0,4.34,KE,1605903126
110,Hilo,1605903128,19.73,-155.09,297.59,88,90,2.6,US,1605903128
111,Westport,1605903129,41.14,-73.36,288.15,50,1,4.6,US,1605903129
112,Nanortalik,1605903130,60.14,-45.24,272.42,92,70,7.3,GL,1605903130
113,Nouakchott,1605903131,18.09,-15.98,299.15,29,100,3.1,MR,1605903131
114,Chui,1605903132,-33.7,-53.46,292.48,61,1,4.74,UY,1605903132
115,Kruisfontein,1605903133,-34.0,24.73,290.93,77,0,2.24,ZA,1605903133
116,Khatanga,1605903135,71.97,102.5,255.05,90,100,4.81,RU,1605903135
117,Mahébourg,1605903136,-20.41,57.7,294.15,94,20,3.1,MU,1605903136
118,Matara,1605903023,5.95,80.54,297.66,88,100,2.06,LK,1605903023
119,Nabire,1605903138,-3.37,135.48,297.89,87,100,1.67,ID,1605903138
120,Pevek,1605903139,69.7,170.31,264.89,97,100,0.74,RU,1605903139
121,Lethem,1605903141,3.38,-59.8,305.43,52,7,4.55,GY,1605903141
122,Chokurdakh,1605903142,70.63,147.92,251.87,92,100,2.43,RU,1605903142
123,Ovsyanka,1605903143,55.96,92.55,268.15,67,0,2.0,RU,1605903143
124,Samarai,1605903144,-10.62,150.67,300.26,83,100,7.03,PG,1605903144
125,Pacific Grove,1605903145,36.62,-121.92,289.82,41,1,4.1,US,1605903145
126,Hasaki,1605903146,35.73,140.83,289.15,82,40,3.1,JP,1605903146
127,Saint-Pierre,1605903148,-21.34,55.48,296.15,60,90,2.1,RE,1605903148
128,Turan,1605903149,16.07,108.22,297.15,94,20,1.0,VN,1605903149
129,Portland,1605902794,45.52,-122.68,283.15,75,40,2.1,US,1605902794
130,Rudnichnyy,1605903151,59.62,52.47,270.73,93,99,5.94,RU,1605903151
131,Upernavik,1605903152,72.79,-56.15,269.89,92,100,1.24,GL,1605903152
132,Bengkulu,1605903154,-3.8,102.27,297.94,91,100,2.66,ID,1605903154
133,Guararapes,1605903155,-21.26,-50.64,301.98,34,0,3.82,BR,1605903155
134,Kasama,1605903156,-10.21,31.18,294.27,54,6,1.74,ZM,1605903156
135,Isangel,1605903157,-19.55,169.27,297.79,75,43,6.66,VU,1605903157
136,Iberia,1605903158,29.95,-91.75,300.15,57,40,3.6,US,1605903158
137,Bentiu,1605903160,9.23,29.83,299.8,31,6,2.25,SS,1605903160
138,Ambon City,1605903161,-3.7,128.18,300.93,89,39,0.45,ID,1605903161
139,Ishigaki,1605902895,24.34,124.16,298.22,85,25,6.4,JP,1605902895
140,Nikolskoye,1605903163,59.7,30.79,274.26,88,90,7.0,RU,1605903163
141,Laguna,1605902921,38.42,-121.42,288.71,47,1,3.1,US,1605902921
142,Urengoy,1605903166,65.97,78.37,270.85,96,98,8.06,RU,1605903166
143,Bridlington,1605903167,54.08,-0.19,283.71,93,100,6.2,GB,1605903167
144,New Norfolk,1605903168,-42.78,147.06,283.15,73,44,0.34,AU,1605903168
145,Ribeira Grande,1605903169,38.52,-28.7,291.15,72,40,3.1,PT,1605903169
146,Khāsh,1605903171,28.22,61.22,279.46,57,0,2.39,IR,1605903171
147,Bud,1605903172,39.45,-86.18,291.15,48,75,3.1,US,1605903172
148,Águilas,1605903173,37.41,-1.58,287.59,82,62,0.89,ES,1605903173
149,Saint Paul Harbor,1605903174,57.79,-152.41,279.15,75,90,17.0,US,1605903174
150,San Javier,1605903176,37.81,-0.84,290.37,72,20,4.1,ES,1605903176
151,Verkhnevilyuysk,1605903177,63.45,120.32,256.94,93,100,3.08,RU,1605903177
152,Madaoua,1605903178,14.07,5.96,297.79,19,58,3.97,NE,1605903178
153,Carutapera,1605903179,-1.2,-46.02,301.09,70,78,3.89,BR,1605903179
154,Merauke,1605903180,-8.47,140.33,299.54,80,100,6.3,ID,1605903180
155,Gīdolē,1605903182,5.65,37.37,289.06,69,0,1.13,ET,1605903182
156,Kosh-Agach,1605903183,50.0,88.67,252.99,83,100,0.43,RU,1605903183
157,Nagua,1605903184,19.38,-69.85,299.15,94,40,2.1,DO,1605903184
158,Baykit,1605903185,61.67,96.37,263.07,93,100,3.41,RU,1605903185
159,Kristinestad,1605903186,62.27,21.38,274.67,83,0,3.51,FI,1605903186
160,Chesapeake,1605902676,36.82,-76.27,293.15,45,1,6.2,US,1605902676
161,Gaoua,1605903188,10.3,-3.25,298.84,22,1,1.32,BF,1605903188
162,Vila,1605903190,42.03,-8.16,283.71,74,10,2.24,PT,1605903190
163,Qaanaaq,1605903191,77.48,-69.36,266.24,84,95,2.86,GL,1605903191
164,Hīrna,1605903192,9.22,41.1,286.99,46,6,0.29,ET,1605903192
165,Las Palmas,1605903193,28.42,-14.01,295.15,53,0,3.6,ES,1605903193
166,Lingao,1605903194,19.91,109.69,295.92,92,1,2.48,CN,1605903194
167,São Filipe,1605903182,14.9,-24.5,299.14,71,92,2.42,CV,1605903182
168,Ābdānān,1605903197,32.99,47.42,289.64,49,99,4.49,IR,1605903197
169,Nanchong,1605903198,30.8,106.08,286.82,76,98,4.07,CN,1605903198
170,Pisco,1605903199,-13.7,-76.22,295.15,64,20,7.7,PE,1605903199
171,Ponta do Sol,1605903200,32.67,-17.1,293.15,77,20,3.1,PT,1605903200
172,Penzance,1605903201,50.12,-5.54,284.15,76,100,7.7,GB,1605903201
173,Thompson,1605903202,55.74,-97.86,256.15,77,20,2.6,CA,1605903202
174,Söderhamn,1605903204,61.3,17.06,272.04,71,0,1.79,SE,1605903204
175,Arenzano,1605902946,44.41,8.68,285.15,58,0,4.1,IT,1605902946
176,Bilibino,1605903206,68.05,166.44,259.97,93,100,1.44,RU,1605903206
177,Marawi,1605903207,8.0,124.29,297.59,90,98,2.68,PH,1605903207
178,Muyezerskiy,1605903208,63.93,31.65,272.56,97,100,4.59,RU,1605903208
179,Salalah,1605903209,17.02,54.09,299.15,69,20,2.1,OM,1605903209
180,Bull Savanna,1605903211,17.89,-77.59,300.31,75,75,3.76,JM,1605903211
181,Itatskiy,1605903212,56.07,89.04,266.46,91,100,7.22,RU,1605903212
182,Bida,1605903213,9.08,6.02,301.34,39,0,0.88,NG,1605903213
183,Porto-Novo,1605902996,6.5,2.6,302.15,74,20,3.1,BJ,1605902996
184,Arraial do Cabo,1605903215,-22.97,-42.03,294.15,88,75,7.76,BR,1605903215
185,Lázaro Cárdenas,1605903216,17.96,-102.2,302.73,56,47,3.6,MX,1605903216
186,Katherine,1605903218,-14.47,132.27,302.15,66,0,3.6,AU,1605903218
187,Grão Mogol,1605902968,-16.56,-42.89,297.62,88,92,0.48,BR,1605902968
188,Nouadhibou,1605903088,20.93,-17.03,299.15,47,100,4.1,MR,1605903088
189,Marovoay,1605903221,-16.1,46.63,301.15,74,20,2.6,MG,1605903221
190,Lashio,1605903222,22.93,97.75,285.19,97,0,0.55,MM,1605903222
191,Brookhaven,1605903223,31.58,-90.44,299.26,53,3,1.19,US,1605903223
192,Grande-Synthe,1605903225,51.02,2.3,280.93,76,99,3.13,FR,1605903225
193,Kloulklubed,1605903226,7.04,134.26,298.15,94,75,2.1,PW,1605903226
194,Aklavik,1605903122,68.22,-135.01,253.15,76,75,2.1,CA,1605903122
195,Bulungu,1605903228,-4.55,18.6,295.02,92,86,0.79,CD,1605903228
196,Dongsheng,1605903229,39.82,109.98,269.24,93,100,5.63,CN,1605903229
197,Mahon,1605903230,39.89,4.27,285.15,58,40,11.8,ES,1605903230
198,Mumford,1605903232,5.26,-0.76,299.96,80,0,3.3,GH,1605903232
199,Itoman,1605903214,26.12,127.67,297.15,83,75,6.2,JP,1605903214
200,Salta,1605903234,-24.79,-65.41,299.15,31,40,5.1,AR,1605903234
201,Kikwit,1605903235,-5.04,18.82,295.33,95,100,0.59,CD,1605903235
202,Chara,1605903236,56.91,118.26,249.67,76,29,1.71,RU,1605903236
203,Adamantas,1605903237,36.73,24.43,288.15,62,45,10.8,GR,1605903237
204,Mount Isa,1605903238,-20.73,139.5,302.15,35,0,6.2,AU,1605903238
205,Kumul,1605903240,42.8,93.45,264.07,71,0,1.76,CN,1605903240
206,Cabo San Lucas,1605902958,22.89,-109.91,306.15,29,5,2.1,MX,1605902958
207,Perth,1605902684,-31.93,115.83,287.59,87,20,3.1,AU,1605902684
208,Geraldton,1605903243,-28.77,114.6,290.15,77,40,3.6,AU,1605903243
209,Margate,1605903244,51.38,1.39,283.71,89,100,1.34,GB,1605903244
210,Kasongo-Lunda,1605903245,-6.47,16.82,295.05,91,96,0.5,CD,1605903245
211,De-Kastri,1605903247,51.47,140.78,265.36,78,0,1.94,RU,1605903247
212,Cootamundra,1605903248,-34.65,148.03,289.22,60,7,8.14,AU,1605903248
213,Prince Rupert,1605903249,54.32,-130.32,279.15,80,90,4.1,CA,1605903249
214,Camaná,1605903250,-16.62,-72.71,293.9,64,78,4.07,PE,1605903250
215,Sterling,1605903188,39.01,-77.43,291.15,34,1,5.1,US,1605903188
216,Lorengau,1605903229,-2.02,147.27,299.2,89,100,6.88,PG,1605903229
217,Chapais,1605903254,49.78,-74.85,273.15,100,90,1.0,CA,1605903254
218,Torbay,1605902968,47.67,-52.73,278.71,93,90,6.7,CA,1605902968
219,Rocky Mountain House,1605903256,52.37,-114.92,268.15,85,31,1.0,CA,1605903256
220,Bazarnyy Syzgan,1605903257,53.75,46.75,266.41,86,25,4.63,RU,1605903257
221,Altamont,1605903258,42.21,-121.74,277.04,74,1,3.6,US,1605903258
222,Venice,1605903245,27.1,-82.45,301.15,51,20,6.2,US,1605903245
223,Lavrentiya,1605903261,65.58,-171.0,271.73,96,100,6.82,RU,1605903261
224,Kiama,1605903262,-34.68,150.87,293.15,82,83,4.36,AU,1605903262
225,Nurota,1605903263,40.56,65.69,262.15,61,7,1.0,UZ,1605903263
226,Berlevåg,1605903264,70.86,29.09,274.15,59,40,8.7,NO,1605903264
227,Hervey Bay,1605903265,-25.3,152.85,293.15,86,67,1.34,AU,1605903265
228,Hamilton,1605902821,39.18,-84.53,290.37,51,90,6.2,US,1605902821
229,São João da Barra,1605903177,-21.64,-41.05,297.15,73,75,7.2,BR,1605903177
230,Arrondissement de Bayonne,1605903269,43.33,-1.42,282.15,70,0,1.5,FR,1605903269
231,Naze,1605903270,28.37,129.48,295.15,78,75,7.2,JP,1605903270
232,Faya,1605903271,18.39,42.45,288.15,87,0,2.1,SA,1605903271
233,Srednekolymsk,1605903272,67.45,153.68,254.44,93,99,1.39,RU,1605903272
234,Bariloche,1605903273,-41.15,-71.31,291.15,39,40,12.3,AR,1605903273
235,Carnarvon,1605903275,-24.87,113.63,294.15,88,0,10.3,AU,1605903275
236,Dawei,1605903276,14.08,98.2,297.68,83,88,1.31,MM,1605903276
237,Tiksi,1605903277,71.69,128.87,256.63,89,100,6.27,RU,1605903277
238,Brae,1605903184,60.4,-1.35,283.15,100,75,12.3,GB,1605903184
239,Nojorid,1605903279,46.98,21.88,278.15,65,100,5.1,RO,1605903279
240,Dikson,1605903183,73.51,80.55,266.68,98,100,5.39,RU,1605903183
241,Romny,1605903237,50.75,33.47,271.23,97,100,2.86,UA,1605903237
242,Cham,1605903283,47.18,8.46,277.04,89,27,1.39,CH,1605903283
243,Kavaratti,1605903284,10.57,72.64,301.29,76,0,4.12,IN,1605903284
244,Dudinka,1605903285,69.41,86.18,264.15,92,75,15.0,RU,1605903285
245,Gisborne,1605903286,-38.65,178.0,292.04,66,0,1.79,NZ,1605903286
246,Araceli,1605903287,10.55,119.99,301.43,80,100,5.81,PH,1605903287
247,Jinchang,1605903026,38.5,102.17,268.66,89,100,4.56,CN,1605903026
248,Murdochville,1605903290,48.96,-65.5,273.15,98,9,2.1,CA,1605903290
249,Khawhai,1605903291,23.37,93.12,281.94,91,0,0.99,IN,1605903291
250,Dubai,1605903129,25.26,55.3,298.15,65,0,4.1,AE,1605903129
251,Paamiut,1605903293,61.99,-49.67,271.14,88,44,2.77,GL,1605903293
252,Changji,1605903294,44.02,87.32,264.15,78,0,2.0,CN,1605903294
253,Sulejówek,1605903010,52.25,21.27,276.48,79,0,3.33,PL,1605903010
254,Kota Bharu,1605903061,6.13,102.24,299.15,94,40,0.5,MY,1605903061
255,Mgachi,1605903298,51.05,142.27,265.72,91,0,0.75,RU,1605903298
256,Tautira,1605903299,-17.73,-149.15,302.15,66,20,4.1,PF,1605903299
257,Koslan,1605903300,63.46,48.9,275.18,85,100,5.56,RU,1605903300
258,Mar del Plata,1605903300,-38.0,-57.56,293.15,68,40,9.3,AR,1605903300
259,North Bend,1605903304,43.41,-124.22,284.82,81,1,2.03,US,1605903304
260,Ilulissat,1605903204,69.22,-51.1,270.15,92,75,3.1,GL,1605903204
261,Richards Bay,1605903306,-28.78,32.04,293.4,72,98,1.95,ZA,1605903306
262,Lebu,1605903040,-37.62,-73.65,286.71,76,89,6.12,CL,1605903040
263,Boksitogorsk,1605903308,59.47,33.85,273.59,95,95,4.64,RU,1605903308
264,Zyryanka,1605903310,65.75,150.85,256.52,94,98,3.58,RU,1605903310
265,Vestmanna,1605903311,62.16,-7.17,282.15,87,100,12.3,FO,1605903311
266,Biggar,1605903312,55.62,-3.52,284.82,69,100,2.24,GB,1605903312
267,Adrar,1605903178,20.5,-10.07,298.11,19,100,4.05,MR,1605903178
268,Khudumelapye,1605903314,-23.88,24.75,294.41,75,100,5.35,BW,1605903314
269,Eenhana,1605903316,-17.47,16.33,297.67,57,17,4.6,NA,1605903316
270,Tacoronte,1605903317,28.48,-16.41,293.71,54,0,0.89,ES,1605903317
271,Bukama,1605903318,-9.2,25.85,295.83,78,94,1.22,CD,1605903318
272,Fukuechō,1605903319,32.69,128.84,289.27,69,0,8.56,JP,1605903319
273,Mbandaka,1605903320,0.05,18.26,295.45,94,82,0.94,CD,1605903320
274,Tuatapere,1605903322,-46.13,167.68,289.82,64,76,6.71,NZ,1605903322
275,Batagay-Alyta,1605903323,67.8,130.41,255.5,85,98,0.68,RU,1605903323
276,Port-Gentil,1605903235,-0.72,8.78,299.15,94,40,3.1,GA,1605903235
277,Kyabé,1605903325,9.45,18.94,300.46,27,0,0.98,TD,1605903325
278,Dicabisagan,1605903326,17.08,122.42,298.42,83,98,2.69,PH,1605903326
279,Ventspils,1605903327,57.39,21.56,278.15,75,0,5.1,LV,1605903327
280,Kokopo,1605903329,-4.35,152.26,298.91,81,82,0.52,PG,1605903329
281,Lagoa,1605903330,39.05,-27.98,290.49,84,4,5.95,PT,1605903330
282,Hambantota,1605903331,6.12,81.12,298.63,84,100,6.79,LK,1605903331
283,Port Loko,1605903332,8.77,-12.78,303.15,66,40,4.6,SL,1605903332
284,Flinders,1605903333,-34.58,150.86,293.15,72,60,0.45,AU,1605903333
285,Alice Springs,1605903103,-23.7,133.88,297.04,94,83,0.8,AU,1605903103
286,Ndélé,1605903336,8.41,20.65,300.97,32,66,1.48,CF,1605903336
287,Basco,1605903337,20.45,121.97,299.2,82,0,7.79,PH,1605903337
288,Cidreira,1605903338,-30.18,-50.21,292.66,71,9,6.2,BR,1605903338
289,Ulaangom,1605903339,49.98,92.07,261.51,95,100,2.28,MN,1605903339
290,Fasa,1605903341,28.94,53.65,283.15,71,0,0.61,IR,1605903341
291,Araouane,1605903342,18.9,-3.53,298.19,18,48,2.61,ML,1605903342
292,Dunedin,1605903343,-45.87,170.5,287.98,52,100,7.1,NZ,1605903343
293,Pridonskoy,1605903344,51.68,39.07,266.15,79,40,3.0,RU,1605903344
294,Marrakesh,1605903127,31.63,-8.01,293.15,40,0,3.1,MA,1605903127
295,Clyde River,1605903346,70.47,-68.59,257.15,71,75,5.7,CA,1605903346
296,Kurisove,1605903348,46.97,30.96,274.15,92,90,2.0,UA,1605903348
297,Mpanda,1605903349,-6.37,31.04,293.38,87,8,1.63,TZ,1605903349
298,Mount Gambier,1605903350,-37.83,140.77,285.15,87,100,2.6,AU,1605903350
299,Road Town,1605903351,18.42,-64.62,302.15,74,40,5.7,VG,1605903351
300,Krasne,1605903352,49.91,24.61,273.15,89,0,3.0,UA,1605903352
301,Havøysund,1605903353,71.0,24.66,273.15,86,75,8.7,NO,1605903353
302,Codrington,1605903203,-38.27,141.97,284.1,85,100,3.73,AU,1605903203
303,Yamada,1605903356,39.47,141.95,283.33,72,6,1.87,JP,1605903356
304,Luanda,1605903182,-8.84,13.23,299.15,78,40,3.1,AO,1605903182
305,Fortuna,1605903358,40.6,-124.16,284.82,71,1,2.6,US,1605903358
306,Pangnirtung,1605903359,66.15,-65.71,261.15,72,90,0.67,CA,1605903359
307,Los Llanos de Aridane,1605903326,28.66,-17.92,293.71,82,0,1.5,ES,1605903326
308,Ahipara,1605903362,-35.17,173.17,290.17,65,0,0.53,NZ,1605903362
309,Chapleau,1605903363,47.84,-83.4,274.15,86,90,4.6,CA,1605903363
310,Mnogovershinnyy,1605903364,53.94,139.92,263.39,97,88,3.53,RU,1605903364
311,Opuwo,1605903365,-18.06,13.84,297.75,25,0,4.53,NA,1605903365
312,Saquena,1605903366,-4.67,-73.52,296.93,94,100,1.96,PE,1605903366
313,Santa Isabel Rio Negro,1605903195,-0.41,-65.02,303.84,62,96,1.61,BR,1605903195
314,Esim,1605903369,4.87,-2.24,299.35,82,0,3.06,GH,1605903369
315,Saint-Louis,1605903370,16.33,-15.0,302.15,35,0,1.0,SN,1605903370
316,Linfen,1605903274,36.09,111.52,278.04,86,100,1.55,CN,1605903274
317,Walvis Bay,1605903076,-22.96,14.51,289.26,86,1,0.07,NA,1605903076
318,Feldru,1605903373,47.28,24.6,272.59,87,100,3.82,RO,1605903373
319,Lagos,1605902782,6.58,3.75,298.9,82,1,1.84,NG,1605902782
320,Northam,1605903376,51.03,-4.22,284.26,96,100,3.13,GB,1605903376
321,Klaksvík,1605903377,62.23,-6.59,282.15,87,100,12.3,FO,1605903377
322,Corrales,1605903378,35.24,-106.61,294.82,28,19,1.34,US,1605903378
323,Usinsk,1605903379,65.99,57.53,275.52,92,100,11.9,RU,1605903379
324,Norfolk,1605902607,42.17,-71.25,292.15,29,1,6.2,US,1605902607
325,Kutum,1605903381,14.2,24.67,292.84,27,0,4.99,SD,1605903381
326,Marzuq,1605903383,14.4,46.47,288.68,36,0,0.99,YE,1605903383
327,Lerwick,1605903384,60.15,-1.15,283.15,100,75,12.3,GB,1605903384
328,Bambous Virieux,1605903385,-20.34,57.76,295.37,94,20,3.1,MU,1605903385
329,Vung Tau,1605903374,10.35,107.08,299.97,80,53,6.14,VN,1605903374
330,Gamba,1605903387,-2.65,10.0,298.78,85,100,3.36,GA,1605903387
331,Port Elizabeth,1605903343,-33.92,25.57,291.15,82,0,5.1,ZA,1605903343
332,Nicoya,1605903390,10.15,-85.45,304.15,66,40,3.1,CR,1605903390
333,Mossamedes,1605903391,-15.2,12.15,293.86,71,18,6.48,AO,1605903391
334,Kaz,1605903392,52.91,87.31,266.2,96,100,2.26,RU,1605903392
335,Darłowo,1605903393,54.42,16.41,276.48,83,1,5.16,PL,1605903393
336,San Rafael,1605903394,-34.62,-68.33,300.15,28,40,5.1,AR,1605903394
337,Atasū,1605903396,48.68,71.64,257.83,86,0,2.35,KZ,1605903396
338,Raja,1605903397,8.46,25.68,302.74,26,95,2.4,SS,1605903397
339,Tanete,1605903398,-3.94,119.78,297.73,89,96,0.48,ID,1605903398
340,Aras,1605903399,42.56,-2.36,281.48,81,0,3.1,ES,1605903399
341,Deer Lake,1605903367,49.17,-57.43,273.15,92,90,1.5,CA,1605903367
342,Oktyabr'skoye,1605903292,43.06,44.74,276.15,86,82,3.0,RU,1605903292
343,Guaxupé,1605903403,-21.31,-46.71,296.61,62,2,2.45,BR,1605903403
344,Port Hedland,1605903404,-20.32,118.57,297.15,88,0,1.5,AU,1605903404
345,Vao,1605903405,-22.67,167.48,295.19,77,0,7.33,NC,1605903405
346,Banikoara,1605903406,11.3,2.44,297.52,26,93,2.02,BJ,1605903406
347,Balkanabat,1605903407,39.51,54.37,275.82,59,100,8.69,TM,1605903407
348,Kwekwe,1605903408,-18.93,29.81,294.37,70,2,6.11,ZW,1605903408
349,Tilichiki,1605903260,60.47,166.1,253.64,95,42,3.24,RU,1605903260
350,Iturama,1605903411,-19.73,-50.2,302.44,37,0,4.41,BR,1605903411
351,Morehead,1605903412,37.27,-87.18,295.15,43,1,4.1,US,1605903412
352,Wakkanai,1605903413,45.41,141.67,274.56,88,100,10.14,JP,1605903413
353,Russell,1605903414,32.35,-85.2,296.15,46,75,1.97,US,1605903414
354,Nome,1605903240,64.5,-165.41,271.15,68,75,9.3,US,1605903240
355,Vryburg,1605903417,-26.96,24.73,294.56,51,95,7.77,ZA,1605903417
356,Puerto Rico,1605903418,-26.8,-55.02,300.72,33,54,2.17,AR,1605903418
357,Glyadyanskoye,1605903419,54.91,65.09,265.91,93,0,5.38,RU,1605903419
358,Souillac,1605903189,-20.52,57.52,294.15,94,20,3.1,MU,1605903189
359,La Rioja,1605903421,42.25,-2.5,281.48,81,0,3.1,ES,1605903421
360,Muhafazat Lahij,1605903423,13.17,44.58,293.88,69,0,0.89,YE,1605903423
361,Saint George,1605903130,37.1,-113.58,290.37,28,1,0.85,US,1605903130
362,Flin Flon,1605903303,54.77,-101.86,260.15,78,40,3.1,CA,1605903303
363,Raudeberg,1605903426,61.99,5.14,277.15,69,75,12.3,NO,1605903426
364,Pampa,1605903220,35.54,-100.96,291.15,31,1,7.2,US,1605903220
365,East London,1605903346,-33.02,27.91,292.44,78,45,8.5,ZA,1605903346
366,Nevel'sk,1605903430,46.67,141.86,272.15,68,75,3.0,RU,1605903430
367,Manzanillo,1605903431,20.34,-77.12,300.48,79,93,6.55,CU,1605903431
368,Governador Valadares,1605903432,-18.85,-41.95,298.53,86,58,3.63,BR,1605903432
369,Tibiao,1605903433,11.29,122.04,299.81,76,35,2.15,PH,1605903433
370,Carbonia,1605903434,39.17,8.52,286.15,76,20,6.7,IT,1605903434
371,Trincomalee,1605903435,8.57,81.23,300.74,78,100,5.77,LK,1605903435
372,College,1605903437,64.86,-147.8,255.37,68,20,1.5,US,1605903437
373,Krasnosel'kup,1605903438,65.7,82.47,273.22,97,100,9.75,RU,1605903438
374,Meulaboh,1605903213,4.14,96.13,297.9,91,100,2.6,ID,1605903213
375,Pontianak,1605903265,-0.03,109.33,298.23,90,100,0.8,ID,1605903265
376,Coyhaique,1605903441,-45.58,-72.07,296.15,28,20,11.8,CL,1605903441
377,Kalabo,1605903442,-14.97,22.68,296.77,67,100,2.35,ZM,1605903442
378,Jalingo,1605903444,8.88,11.37,300.06,31,89,1.35,NG,1605903444
379,Kiruna,1605903325,67.86,20.23,269.15,79,24,3.1,SE,1605903325
380,Asău,1605903446,46.43,26.4,275.37,5,100,3.71,RO,1605903446
381,Kyshtovka,1605903447,56.55,76.63,268.37,94,100,7.33,RU,1605903447
382,Baiyin,1605903448,36.56,104.21,271.48,73,90,5.0,CN,1605903448
383,Sampit,1605903449,-2.53,112.95,297.13,96,100,0.61,ID,1605903449
384,Renukoot,1605903451,24.2,83.03,290.67,60,0,1.51,IN,1605903451
385,Cap Malheureux,1605903207,-19.98,57.61,295.37,78,36,0.89,MU,1605903207
386,Baghlan,1605903453,36.13,68.71,274.21,85,0,0.95,AF,1605903453
387,Beloha,1605903454,-25.17,45.05,294.09,91,3,2.26,MG,1605903454
388,Carandaí,1605903455,-20.95,-43.81,295.15,68,75,3.6,BR,1605903455
389,Moose Factory,1605903231,51.26,-80.61,270.15,73,90,3.6,CA,1605903231
390,Manggar,1605903458,-2.88,108.27,299.38,84,100,1.97,ID,1605903458
391,Price,1605903459,39.6,-110.81,284.15,32,1,2.6,US,1605903459
392,Byron Bay,1605903317,-28.65,153.62,292.04,93,13,2.83,AU,1605903317
393,Rabat,1605903461,33.99,-6.84,292.59,71,99,2.6,MA,1605903461
394,Tweed,1605903462,44.48,-77.32,288.15,57,67,6.26,CA,1605903462
395,Aizawl,1605903463,23.73,92.72,284.54,85,0,1.06,IN,1605903463
396,Broager,1605903465,54.89,9.68,277.15,86,100,2.6,DK,1605903465
397,Göksun,1605903466,38.02,36.5,282.15,100,75,1.0,TR,1605903466
398,Bethel,1605903381,41.37,-73.41,289.15,54,1,3.1,US,1605903381
399,Kavieng,1605903468,-2.57,150.8,301.33,78,100,7.8,PG,1605903468
400,Aksarka,1605903469,66.56,67.8,275.63,82,84,12.28,RU,1605903469
401,Lüderitz,1605903207,-26.65,15.16,289.63,88,5,1.56,NA,1605903207
402,Orlik,1605903471,52.52,99.83,249.9,79,26,1.58,RU,1605903471
403,Faanui,1605903473,-16.48,-151.75,299.42,72,59,3.08,PF,1605903473
404,Likasi,1605903474,-10.98,26.73,290.21,94,100,1.16,CD,1605903474
405,Constitución,1605903288,-35.33,-72.42,288.28,63,15,3.8,CL,1605903288
406,Viedma,1605903476,-40.81,-63.0,305.93,21,78,4.02,AR,1605903476
407,Mogadishu,1605903256,2.04,45.34,299.65,79,0,6.43,SO,1605903256
408,Xining,1605903478,36.62,101.77,267.47,93,100,1.36,CN,1605903478
409,Mahajanga,1605903480,-15.72,46.32,301.15,74,20,2.6,MG,1605903480
410,Steinbach am Taunus,1605903398,50.17,8.57,278.71,93,0,1.0,DE,1605903398
411,Gizo Government Station,1605903482,-8.1,156.84,299.86,79,94,7.16,SB,1605903482
412,Waingapu,1605903483,-9.66,120.26,299.79,79,87,2.77,ID,1605903483
413,Askino,1605903484,56.09,56.58,265.61,93,89,6.21,RU,1605903484
414,Luga,1605903485,58.74,29.85,274.75,88,50,3.89,RU,1605903485
415,Malindi,1605903487,-3.22,40.12,301.15,78,40,2.1,KE,1605903487
416,Virginia Beach,1605903462,36.85,-75.98,295.15,37,1,5.1,US,1605903462
417,Akdepe,1605903489,42.06,59.38,265.15,57,0,4.1,TM,1605903489
418,The Hammocks,1605903490,25.67,-80.44,299.26,74,75,7.7,US,1605903490
419,Aquiraz,1605903491,-3.9,-38.39,302.15,70,20,5.7,BR,1605903491
420,Farnes,1605903492,61.32,7.8,270.15,79,0,7.7,NO,1605903492
421,Nizhniy Chir,1605903494,48.36,43.09,270.31,91,92,8.95,RU,1605903494
422,Marsh Harbour,1605903222,26.54,-77.06,297.82,75,46,11.19,BS,1605903222
423,Balabac,1605903496,7.99,117.06,300.94,81,100,5.33,PH,1605903496
424,Kedrovyy,1605903497,56.17,91.82,268.15,67,0,2.0,RU,1605903497
425,Toamasina,1605903498,-18.17,49.38,297.15,83,75,2.1,MG,1605903498
426,Emerald,1605903499,-23.53,148.17,294.26,88,43,2.1,AU,1605903499
427,Poum,1605903501,-20.23,164.02,297.31,72,100,5.68,NC,1605903501
428,Mana,1605903502,5.66,-53.78,299.72,85,92,4.12,GF,1605903502
429,San Joaquin,1605903503,37.93,-121.3,288.15,47,1,2.6,US,1605903503
430,Gobabis,1605903504,-22.45,18.97,296.93,58,94,8.89,NA,1605903504
431,Sobolevo,1605903505,54.43,31.9,272.79,95,100,2.41,RU,1605903505
432,Popondetta,1605903506,-8.75,148.25,296.24,87,66,1.18,PG,1605903506
433,Gospić,1605903508,44.55,15.37,282.15,42,20,10.3,HR,1605903508
434,Comodoro Rivadavia,1605903509,-45.87,-67.5,302.15,23,0,7.7,AR,1605903509
435,Oliva,1605903510,38.92,-0.12,285.37,7,0,0.45,ES,1605903510
436,San Quintín,1605903511,30.48,-115.95,295.12,58,16,5.35,MX,1605903511
437,Chhātāpur,1605903512,26.22,87.02,294.08,58,82,2.03,IN,1605903512
438,West Bay,1605903513,19.37,-81.42,302.15,74,75,8.7,KY,1605903513
439,Broken Hill,1605903515,-31.95,141.43,297.15,22,81,3.1,AU,1605903515
440,Łańcut,1605903496,50.07,22.23,274.15,80,40,3.6,PL,1605903496
441,Manta,1605903517,-0.95,-80.73,300.15,65,0,8.2,EC,1605903517
442,Sfântu Gheorghe,1605903518,45.87,25.78,268.15,96,100,5.36,RO,1605903518
443,Vallenar,1605903519,-28.57,-70.76,299.28,20,0,4.78,CL,1605903519
444,Peterhead,1605903520,57.51,-1.8,285.15,81,100,7.7,GB,1605903520
445,Great Bend,1605903522,38.36,-98.76,290.93,41,1,7.7,US,1605903522
446,Roald,1605903523,62.58,6.13,277.15,64,0,6.7,NO,1605903523
447,Pandan,1605903524,14.05,124.17,300.1,85,82,6.75,PH,1605903524
448,Severnyy,1605903525,50.68,36.55,270.15,86,75,5.0,RU,1605903525
449,Cayenne,1605903526,4.93,-52.33,301.15,83,81,2.6,GF,1605903526
450,Halifax,1605903355,44.65,-63.57,284.26,76,100,4.6,CA,1605903355
451,High Level,1605903529,58.52,-117.14,254.15,91,20,1.13,CA,1605903529
452,Naliya,1605903530,23.27,68.83,295.52,24,20,2.85,IN,1605903530
453,Newport,1605903531,51.59,-3.0,284.26,92,96,0.45,GB,1605903531
454,Shymkent,1605903532,42.3,69.6,267.15,62,40,1.0,KZ,1605903532
455,Bonavista,1605903533,48.65,-53.11,278.15,93,100,2.6,CA,1605903533
456,Barcelos,1605903534,41.54,-8.62,288.71,71,0,3.1,PT,1605903534
457,Nizhniy Tsasuchey,1605903536,50.52,115.13,260.61,86,26,4.22,RU,1605903536
458,Xinzhou,1605903537,38.41,112.73,273.9,94,100,0.82,CN,1605903537
459,Riyadh,1605903442,24.69,46.72,296.15,35,0,3.1,SA,1605903442
460,Vardø,1605903539,70.37,31.11,271.15,86,20,5.1,NO,1605903539
461,Shakawe,1605903540,-18.37,21.85,296.19,75,100,1.71,BW,1605903540
462,Alofi,1605903541,-19.06,-169.92,300.15,83,100,4.1,NU,1605903541
463,Kozel'sk,1605903543,54.04,35.77,272.15,100,100,3.0,RU,1605903543
464,Filingué,1605903544,14.35,3.32,299.34,17,42,3.24,NE,1605903544
465,Oruzgan,1605903545,32.83,66.0,275.25,76,0,0.42,AF,1605903545
466,Itarema,1605903546,-2.92,-39.92,300.86,72,62,6.07,BR,1605903546
467,Deputatsky,1605903547,69.3,139.9,249.56,90,84,2.09,RU,1605903547
468,Hualmay,1605903548,-11.1,-77.61,294.61,63,100,6.08,PE,1605903548
469,Mandalgovi,1605903550,45.76,106.27,257.64,82,64,4.6,MN,1605903550
470,Ejea de los Caballeros,1605903551,42.13,-1.14,282.15,45,1,8.2,ES,1605903551
471,Lensk,1605903552,60.73,114.93,259.29,91,100,5.59,RU,1605903552
472,Nizwá,1605903553,22.93,57.53,291.36,63,0,1.06,OM,1605903553
473,Dwārka,1605903554,22.24,68.97,298.2,40,100,6.7,IN,1605903554
474,La Ronge,1605903555,55.1,-105.28,262.15,72,99,3.1,CA,1605903555
475,Bogatynia,1605903557,50.91,14.96,273.15,91,19,1.41,PL,1605903557
476,Atessa,1605903558,42.07,14.45,280.93,99,100,1.34,IT,1605903558
477,Yanam,1605903559,16.73,82.22,295.61,80,71,1.27,IN,1605903559
478,Priargunsk,1605903560,50.37,119.1,256.72,89,0,3.97,RU,1605903560
479,Tataouine,1605903561,32.93,10.45,289.15,55,5,2.1,TN,1605903561
480,El Jícaro,1605903562,14.92,-89.9,305.15,52,20,2.1,GT,1605903562
481,Port Blair,1605903275,11.67,92.75,299.64,84,100,3.53,IN,1605903275
482,Augustów,1605903266,53.84,22.98,275.23,82,38,4.56,PL,1605903266
483,Palmer,1605903566,42.16,-72.33,289.15,36,40,3.1,US,1605903566
484,Bambanglipuro,1605903567,-7.95,110.28,298.72,86,53,1.1,ID,1605903567
485,Keuruu,1605903568,62.27,24.7,273.71,94,90,3.1,FI,1605903568
486,Aquin,1605903570,18.28,-73.4,300.74,73,58,0.05,HT,1605903570
487,Yaan,1605903571,7.38,8.57,300.06,33,98,0.7,NG,1605903571
488,Tall Kayf,1605903572,37.08,41.07,286.44,60,100,2.55,TR,1605903572
489,Tokur,1605903573,53.13,132.9,259.9,92,100,1.58,RU,1605903573
490,Sitka,1605903574,57.05,-135.33,276.15,74,90,2.6,US,1605903574
491,Tubinskiy,1605903575,52.89,58.22,263.15,36,0,2.0,RU,1605903575
492,Petropavlovskoye,1605903577,52.07,84.11,266.42,91,100,1.42,RU,1605903577
493,Semīrom,1605903578,31.42,51.57,277.07,86,35,2.09,IR,1605903578
494,Kosonsoy,1605903579,41.26,71.55,269.15,62,14,1.0,UZ,1605903579
495,Malatya Province,1605903580,38.5,38.0,279.15,87,90,1.26,TR,1605903580
496,Saskatoon,1605902925,52.12,-106.63,260.93,77,20,4.6,CA,1605902925
497,Kamina,1605903582,-8.74,24.99,291.64,94,96,1.44,CD,1605903582
498,Hobyo,1605903583,5.35,48.53,299.44,72,77,5.77,SO,1605903583
499,Praia,1605903326,14.92,-23.51,300.15,61,75,5.1,CV,1605903326
500,Osmeña,1605903586,10.52,119.93,301.15,81,100,5.52,PH,1605903586
501,Bara,1605903587,10.37,10.73,298.15,29,3,2.99,NG,1605903587
502,Rio Grande,1605903513,-32.03,-52.1,296.15,53,75,8.7,BR,1605903513
503,Launceston,1605903589,-41.45,147.17,283.71,76,100,3.6,AU,1605903589
504,Thinadhoo,1605903590,0.53,72.93,300.84,74,26,2.1,MV,1605903590
505,Airai,1605903591,-8.93,125.41,289.15,98,71,1.01,TL,1605903591
506,Marion,1605903579,39.77,-86.16,291.48,52,40,5.1,US,1605903579
507,Kenai,1605903594,60.55,-151.26,271.48,68,90,7.2,US,1605903594
508,Fort Frances,1605903595,48.6,-93.4,268.71,62,90,7.2,CA,1605903595
509,Pundaguitan,1605903596,6.37,126.17,301.25,77,78,3.4,PH,1605903596
510,Maningrida,1605903597,-12.07,134.27,299.45,79,96,2.61,AU,1605903597
511,Neiafu,1605903598,-18.65,-173.98,299.15,88,75,4.1,TO,1605903598
512,Sinnamary,1605903600,5.38,-52.95,300.45,75,11,4.71,GF,1605903600
513,Avera,1605903601,33.19,-82.53,295.15,49,1,2.6,US,1605903601
514,San Policarpo,1605903605,12.18,125.51,300.36,83,74,3.88,PH,1605903605
515,Sindor,1605903606,62.86,51.89,274.19,91,100,6.31,RU,1605903606
516,Turbat,1605903607,26.0,63.04,291.55,26,0,7.05,PK,1605903607
517,Muisne,1605903609,0.6,-80.03,300.15,78,0,6.7,EC,1605903609
518,Mayo,1605903610,38.89,-76.51,289.26,44,1,4.1,US,1605903610
519,Port Hardy,1605903611,50.7,-127.42,280.15,87,75,4.6,CA,1605903611
520,Soyo,1605903612,-6.13,12.37,298.85,82,37,4.46,AO,1605903612
521,Ibotirama,1605903613,-12.19,-43.22,299.98,77,9,1.02,BR,1605903613
522,Pemberton,1605903614,50.32,-122.8,278.71,100,90,2.47,CA,1605903614
523,Tumen,1605903616,42.97,129.84,266.78,92,0,1.51,CN,1605903616
524,Praia,1605903617,14.92,-23.51,299.15,74,75,5.1,CV,1605903617
525,Burnie,1605903618,-41.07,145.92,285.37,84,100,2.24,AU,1605903618
526,Arras,1605903619,50.29,2.78,279.82,88,99,1.34,FR,1605903619
527,Coahuayana Viejo,1605903620,18.73,-103.68,306.15,38,5,2.6,MX,1605903620
528,Trairi,1605903621,-3.28,-39.27,300.36,74,100,4.44,BR,1605903621
529,San Francisco,1605902916,37.77,-122.42,289.82,62,75,3.6,US,1605902916
530,Iaçu,1605903624,-12.77,-40.21,303.0,54,70,2.74,BR,1605903624
531,Padang,1605903625,-0.95,100.35,298.6,79,100,2.07,ID,1605903625
532,Kamenka,1605903626,51.32,42.77,268.14,83,0,4.43,RU,1605903626
533,Chake Chake,1605903628,-5.25,39.77,299.26,84,24,4.53,TZ,1605903628
534,Verkhneyarkeyevo,1605903629,55.45,54.31,267.51,87,100,6.95,RU,1605903629
535,Waitati,1605903630,-45.75,170.57,288.35,51,100,5.28,NZ,1605903630
536,Amga,1605903631,60.9,131.96,252.09,90,100,1.3,RU,1605903631
537,Ust-Maya,1605903632,60.42,134.53,251.97,91,100,1.15,RU,1605903632
538,Sunderland,1605903548,54.9,-1.38,284.82,79,100,2.68,GB,1605903548
539,Stornoway,1605903635,58.21,-6.39,284.15,81,100,12.9,GB,1605903635
540,Vila Velha,1605903497,-20.33,-40.29,300.37,73,75,7.2,BR,1605903497
541,Tahoua,1605903637,14.89,5.27,298.15,20,0,3.1,NE,1605903637
542,Gerāsh,1605903638,27.67,54.14,287.15,54,0,1.07,IR,1605903638
543,Yulara,1605903640,-25.24,130.99,296.15,46,3,2.6,AU,1605903640
544,Nishihara,1605903641,26.18,127.76,297.15,83,75,6.2,JP,1605903641
545,Mikumi,1605903642,-7.4,36.98,295.59,90,62,0.49,TZ,1605903642
546,Weifang,1605903643,36.71,119.1,277.34,73,100,0.84,CN,1605903643
547,Les Cayes,1605903644,18.2,-73.75,301.04,72,68,1.04,HT,1605903644
548,Ancud,1605903645,-41.87,-73.82,290.93,59,40,6.7,CL,1605903645
549,Jyvaskyla,1605903647,62.24,25.72,273.71,94,75,4.1,FI,1605903647
550,Buchanan,1605903648,5.88,-10.05,298.15,94,40,3.4,LR,1605903648
551,Sept-Îles,1605903649,50.2,-66.38,272.59,86,100,1.6,CA,1605903649
552,Stadtlohn,1605903650,51.98,6.93,277.04,74,6,3.54,DE,1605903650
553,Izumo,1605903651,35.37,132.77,286.15,76,75,5.1,JP,1605903651
554,Adamovka,1605903652,51.52,59.94,264.06,89,0,3.91,RU,1605903652
555,Kitimat,1605903654,54.05,-128.65,272.59,93,100,1.37,CA,1605903654
556,Santa Catarina de Tepehuanes,1605903655,25.35,-105.73,296.07,27,0,2.25,MX,1605903655
557,Mabaruma,1605903656,8.2,-59.78,299.65,86,0,2.46,GY,1605903656
558,Belvedere Marittimo,1605903657,39.62,15.86,286.48,99,100,4.37,IT,1605903657
559,Poronaysk,1605903658,49.22,143.12,267.02,88,100,2.7,RU,1605903658
560,Sola,1605903659,-13.88,167.55,298.91,80,99,2.08,VU,1605903659
561,Reconquista,1605903660,-29.15,-59.65,301.75,29,0,1.62,AR,1605903660
562,North Platte,1605903662,41.12,-100.77,288.15,26,1,3.1,US,1605903662
